title,authors
"
工业控制系统脆弱性分析及漏洞挖掘技术研究综述
",
"
工业控制系统脆弱性分析及漏洞挖掘技术研究综述
",刘静
"
工业控制系统脆弱性分析及漏洞挖掘技术研究综述
",赖英旭
"
工业控制系统脆弱性分析及漏洞挖掘技术研究综述
",刘增辉
"
工业控制系统脆弱性分析及漏洞挖掘技术研究综述
",张靖雯
"
基于人工智能的网络安全漏洞自动检测方法
",
"
基于人工智能的网络安全漏洞自动检测方法
",冷小洁
"
基于人工智能的网络安全漏洞自动检测方法
",范春磊
"
基于人工智能的网络安全漏洞自动检测方法
",徐康
"
基于人工智能的网络安全漏洞自动检测方法
",孙锡洲
"
基于人工智能的网络安全漏洞自动检测方法
",卢媛
"
基于人工智能的网络安全漏洞自动检测方法
",栾卫平
"
基于深度学习的漏洞检测中样本集预处理的方法研究
",
"
基于深度学习的漏洞检测中样本集预处理的方法研究
",王于叶
"
基于深度学习的漏洞检测中样本集预处理的方法研究
",许泽遥
"
基于深度学习的漏洞检测中样本集预处理的方法研究
",张皓天
"
基于云计算的信息安全与防护策略研究
",
"
基于云计算的信息安全与防护策略研究
",宁秋辰
"
基于云计算的信息安全与防护策略研究
",孙承庭
"
基于云计算的信息安全与防护策略研究
",刘飞
"
基于云计算的信息安全与防护策略研究
",吴雷成
