title,abstract
"
工业控制系统脆弱性分析及漏洞挖掘技术研究综述
","针对工业控制系统信息安全问题的来源进行总结,对工业控制安全领域现有的脆弱性分析技术进行归纳、梳理.根据所检测漏洞是否为已知漏洞,讨论工业控制系统漏洞检测技术和工业控制系统漏洞挖掘技术的发展现状和成果,分析当前研究存在的不足之处.根据当前趋势进行展望,提出工业控制系统脆弱性分析和漏洞技术的未来发展方向."
"
基于人工智能的网络安全漏洞自动检测方法
","针对传统的网络安全漏洞检测方法误报率高的情况,设计一种基于人工智能的网络安全漏洞自动检测方法,以提升网络安全。获取网络流表项,建立特征样本分类子集的离散型函数,将得到的离散程度值作为网络信息的正常行为集依据,在此基础上,提取网络信息特征,描述网络安全情况,对网络信息评估。最后将人工智能理论与此次设计的检测方法结合,利用人工智能理论分析网络中的漏洞规律,推理漏洞行为,并利用人工智能理论中的搜索方法评估安全漏洞发生的随机性,实现网络安全漏洞的自动检测。实验对比结果表明,此次设计的基于人工智能的网络安全漏洞自动检测方法误报率低,较传统的检测方法误报率低约28.2%,证明了此次设计方法的有效性。"
"
基于深度学习的漏洞检测中样本集预处理的方法研究
","基于深度学习的二进制程序漏洞检测是漏洞检测研究的一种新趋势。目前基于深度学习的漏洞检测技术主要选用源代码或二进制代码作为样本进行分析处理。文章提出一种用Valgrind框架对二进制程序进行处理,从而得到中间语言代码作为深度学习样本的思路,并以该思路为核心开发出一种数据处理方法建立样本集,最后,选择Bi-LSTM深度学习算法进行对比试验,验证了该方法的效果。"
"
基于云计算的信息安全与防护策略研究
","云计算是目前信息技术中应用最广泛的技术之一。根据云计算数据特点,分析云环境下用户缺乏网络安全意识、网络恶意获取数据和系统安全漏洞等信息安全问题,提出分布式存储管理、云端信息安全认证、数据加密、双防火墙设置等信息安全防护策略。"
