title,key_words
"
工业控制系统脆弱性分析及漏洞挖掘技术研究综述
",
"
工业控制系统脆弱性分析及漏洞挖掘技术研究综述
",protocol analysis;
"
工业控制系统脆弱性分析及漏洞挖掘技术研究综述
",vulnerability mining;
"
工业控制系统脆弱性分析及漏洞挖掘技术研究综述
",industrial control system;
"
工业控制系统脆弱性分析及漏洞挖掘技术研究综述
",fuzz testing;
"
工业控制系统脆弱性分析及漏洞挖掘技术研究综述
",vulnerability analysis;
"
工业控制系统脆弱性分析及漏洞挖掘技术研究综述
",vulnerability detection;
"
基于人工智能的网络安全漏洞自动检测方法
",
"
基于人工智能的网络安全漏洞自动检测方法
",artificial intelligence;
"
基于人工智能的网络安全漏洞自动检测方法
",detection;
"
基于人工智能的网络安全漏洞自动检测方法
",security;
"
基于人工智能的网络安全漏洞自动检测方法
",automation;
"
基于人工智能的网络安全漏洞自动检测方法
",vulnerability;
"
基于人工智能的网络安全漏洞自动检测方法
",network;
"
基于深度学习的漏洞检测中样本集预处理的方法研究
",
"
基于深度学习的漏洞检测中样本集预处理的方法研究
",vulnerability detection;
"
基于深度学习的漏洞检测中样本集预处理的方法研究
",intermediate language;
"
基于深度学习的漏洞检测中样本集预处理的方法研究
",deep learning;
"
基于云计算的信息安全与防护策略研究
",
"
基于云计算的信息安全与防护策略研究
",protection strategy;
"
基于云计算的信息安全与防护策略研究
",cloud computing;
"
基于云计算的信息安全与防护策略研究
",information security;
