"title","Author","keywords","Institute","Abstract"
"面向Java EE程序的SQLIA漏洞分析和验证方法","郭帆##范威威","SQL注入##污点传播语义##静态分析##活跃变量分析##插桩##动态验证","江西师范大学计算机信息工程学院","SQLIA漏洞破坏WEB后台数据库的完整性，一直是Web应用安全的主要威胁。提出一种检测和验证Java Web程序的SQLIA漏洞的解决方案，将静态分析与动态验证相结合，并且形式化定义指令级污点传播操作语义，能够有效跟踪跨文件和跨页面的污点传播。静态分析首先对Source进行预处理和分类得到真实可靠的Source集合，然后应用方法、请求、会话、方法调用等多重关系匹配潜在的Source和Sink对，使得分析过程可以过滤无关Source和Sink，最后结合静态污点分析和活跃变量分析排除不可能存在污点传播路径的Source和Sink。动态验证首先对程序插桩，然后在执行程序的同时进行动态污点传播并生成Trace，基于Trace验证静态分析结果的正确性，获得真实污点传播路径的漏洞集合。原型系统基于Soot框架实现，对若干开源程序的实验结果表明了方法的有效性。"
"IPSec VPN安全性漏洞分析及验证","周益旻##刘方正##杜镇宇##张凯","IPSec VPN##IKE协议##中间人攻击##OSPF协议##路由欺骗","国防科技大学电子对抗学院","网络边界作为网络的架构边缘，是访问与服务提供的必经通道，网络边界的安全是保护整个网络安全的重要基础。IPSec VPN是网络边界防护中应用非常广泛的安全设备，也是构建网络防护体系的第一道防线，对于网络防护体系至关重要。针对IPSec VPN暴露出来的安全性问题，分析了IPSec VPN中IKE协议激进模式存在中间人攻击脆弱性，提出IPSec VPN密钥获取算法；针对中间人攻击中IPSec VPN流量获取问题，分析了OSPF路由协议存在的路由欺骗脆弱性，在此基础上提出了三种路由欺骗方案并进行对比，最终确定IPSec VPN流量劫持算法；最后，搭建仿真环境，验证了IPSec VPN存在的脆弱性。实验基于IPSec VPN流量劫持算法，在隐匿状态下实现了IPSec VPN中间人攻击，验证了密钥获取算法的有效性，对于网络边界设备防护、骨干网络流量保护具有积极的作用。"
"计算机软件安全漏洞技术研究","李文俊","计算机软件##安全漏洞##语法分析检测##沙箱检测","中交武汉智行国际工程咨询有限公司","计算机软件安全漏洞的检测，关系到软件信息安全与计算机正常运行。结合对安全漏洞的了解，掌握安全漏洞检测的特点与影响因素，从静态化与动态化两种检测技术着手，提高安全漏洞检测准确性，从而达到提高安全检测效率的目的。"
"基于Python的自动代理Web漏洞扫描器的设计与实现","孟清路##贺俊##刘对##高雨","代理扫描##渗透测试##Web安全##爬虫","安徽新华学院","Web扫描器是提高网站安全性,让渗透效率快速提升不可或缺的一部分,现有的优秀扫描器的扫描功能都很强大,但是代理功能却并不强。本文开发了一款基于Python的自动代理Web漏洞扫描器,利用爬虫和asyncio技术维护一个动态的免费代理池,通过随机调用代理池里的有效代理进行Web扫描。因为测试全程可以使用随机代理,所以即使出现多个代理被安全设备发现的情况下也能继续进行有效的测试,这将大大提高授权情况下的黑盒测试下的效率。同时爬虫还使用了多进程,布尔去重,广度优先爬取等技术进一步减少测试所需要的时间。"
".NET框架下的防SQL注入登录模块的研究与实现","石晋阳","登录模块##网络安全##SQL注入##SqlParameter","东莞理工学校","随着信息化、数据化的逐步深入,安全问题暴露无疑,大家对安全的意识也在不断提高。对于中职学生来说,编程类课程越来越丰富,涉及的安全问题也就越来越多,了解和掌握常见的程序安全问题,并加以防范和修补也逐渐成为编程学习的一部分。SQL注入是最常见、最古老、最流行的程序漏洞之一。在编程中,尤其是在登录阶段该漏洞表现的尤为突出。如果在编程阶段就将SQL注入漏洞等安全问题进行有效的防范对整个项目安全性的提高,将有极大的帮助。"
"基于Crash的漏洞利用自动生成系统","靳宪龙##徐世伟##黄雅娟","网络安全##二进制##漏洞利用##符号执行##自动化","四川大学计算机学院##中国人民解放军78156部队##国防科技大学国际关系学院","漏洞分析、自动化攻防对漏洞利用自动生成的需求越来越迫切,在分析现有方案的基础上,结合动态分析、混合符号执行等技术,提出基于Crash的漏洞利用自动生成方法 C-Rex。该方法能够针对缓冲区溢出漏洞自动生成劫持控制流的漏洞利用样本。完成以下工作:①设计路径搜索算法复现崩溃路径并挖掘新崩溃点;②分析崩溃状态,对可利用性进行判定;③根据需求采用代码注入或代码复用技术生成劫持控制流的漏洞利用样本。通过对CTF题目及10款开源应用进行测试,C-Rex均能成功生成漏洞利用样本,证明该方法的有效性。"
"基于SVM算法的Struts2-045漏洞检测方法","卢帅","Struts2漏洞##SVM算法##网络安全##WEB漏洞","武汉邮电科学研究院南京烽火星空通信发展有限公司","随着互联网时代的发展、大数据的喷发,网络安全不仅是各国政府必须要慎重考虑的问题,而且与人民群众的生活也息息相关,人们对数据的保密性、传输安全性更加重视。论文以Struts2-045漏洞为例,介绍了Struts2框架的一些原理,包括OGNL语言的使用,以及web请求在框架里执行的代码流程图。在本地搭建一个虚拟的实验平台来复现一次网络攻击,并以此来研究Struts2漏洞的攻击代码。传统的检测方法是通过流量的payload中是否包含关键字来检测,论文尝试采用SVM算法来检测s2-045漏洞,介绍了SVM的原理,提出了基于SVM检测方法的思路和原理。利用anaconda软件做了数据集的仿真实验,并通过一些机器学习的通用指标来和传统的关键字的检测方法比较,在精确度、召回率、精确度上取得了比较好的结果,为实现在线检测提供了一些新思路。"
"ASP.NET Web应用程序常见网络安全漏洞解决方案分析","马道京##唐星##程骅","ASP.NET##Web应用程序##网络安全","黔南民族医学高等专科学校","本文分析了ASP.NET Web应用程序在实际开发和应用中经常遇到的网络安全漏洞,详细讨论了部分高危等级安全漏洞出现的原因,并对常见高危和中低安全等级漏洞都提出了可行的解决方案。"
"工业互联网环境下的漏洞挖掘技术研究","赵振学##石永杰##于慧超##张畅","漏洞挖掘技术##工业互联网##工业控制系统##网络安全##工业靶场","武汉大学经济与管理学院##中国石油天然气股份有限公司西北销售公司##北京启明星辰信息安全技术有限公司","针对关键基础设施的核心工业控制系统(ICS),搭建关键核心工业的高仿真工业靶场环境,针对不同种类的控制协议特点,采用融合多漏洞挖掘技术、逆向工程分析技术等,构建定制的测试畸形报文,深度挖掘工业设备可能存在的各类未知漏洞,实现对工业互联网控制系统安全风险的管控,保障工业控制系统的安全。"
"基于流量分析的HTTP协议安全现状分析","何振宇","网络安全##TCP/IP协议##HTTP协议##流量分析","西安铁一中滨河学校","在信息时代,互联网走进了千家万户,为人们生活提供便利的同时,也带来了很多潜在的安全风险。日常网页访问所采用的HTTP协议就存在明文传输的安全漏洞,为了调查网络运营者是否针对HTTP协议的安全漏洞采取相应的措施,以及分析明文传输敏感数据产生的后果,本文采用了抽样分析的方式,针对部分网站开展了调查研究。利用Wireshark软件筛选并分析了部分使用HTTP协议的网站,发现部分网站仍采用HTTP协议传输敏感信息。此外,部分网站虽然针对特定字段进行了加密处理,但其机密机制存在漏洞,无法抵抗重放冲击,也存在一定的安全风险。"

