title,Author,Institute
面向Java EE程序的SQLIA漏洞分析和验证方法,郭 帆,江西师范大学计算机信息工程学院
面向Java EE程序的SQLIA漏洞分析和验证方法,范威威,江西师范大学计算机信息工程学院
IPSec VPN安全性漏洞分析及验证,周益旻,国防科技大学电子对抗学院
IPSec VPN安全性漏洞分析及验证,刘方正,国防科技大学电子对抗学院
IPSec VPN安全性漏洞分析及验证,杜镇宇,国防科技大学电子对抗学院
IPSec VPN安全性漏洞分析及验证,张凯,国防科技大学电子对抗学院
计算机软件安全漏洞技术研究,李文俊,中交武汉智行国际工程咨询有限公司
基于Python的自动代理Web漏洞扫描器的设计与实现,孟清路,安徽新华学院
基于Python的自动代理Web漏洞扫描器的设计与实现,贺俊,安徽新华学院
基于Python的自动代理Web漏洞扫描器的设计与实现,刘对,安徽新华学院
基于Python的自动代理Web漏洞扫描器的设计与实现,高雨,安徽新华学院
.NET框架下的防SQL注入登录模块的研究与实现,石晋阳,东莞理工学校
基于Crash的漏洞利用自动生成系统,靳宪龙,四川大学计算机学院
基于Crash的漏洞利用自动生成系统,徐世伟,中国人民解放军78156部队
基于Crash的漏洞利用自动生成系统,黄雅娟,国防科技大学国际关系学院
基于SVM算法的Struts2-045漏洞检测方法,卢帅,武汉邮电科学研究院南京烽火星空通信发展有限公司
ASP.NET Web应用程序常见网络安全漏洞解决方案分析,马道京,黔南民族医学高等专科学校
ASP.NET Web应用程序常见网络安全漏洞解决方案分析,唐星,黔南民族医学高等专科学校
ASP.NET Web应用程序常见网络安全漏洞解决方案分析,程骅,黔南民族医学高等专科学校
工业互联网环境下的漏洞挖掘技术研究,赵振学,武汉大学经济与管理学院
工业互联网环境下的漏洞挖掘技术研究,石永杰,武汉大学经济与管理学院
工业互联网环境下的漏洞挖掘技术研究,于慧超,中国石油天然气股份有限公司西北销售公司
工业互联网环境下的漏洞挖掘技术研究,张畅,北京启明星辰信息安全技术有限公司
基于流量分析的HTTP协议安全现状分析,何振宇,西安铁一中滨河学校