title,keywords
面向Java EE程序的SQLIA漏洞分析和验证方法,SQL注入
面向Java EE程序的SQLIA漏洞分析和验证方法,污点传播语义
面向Java EE程序的SQLIA漏洞分析和验证方法,静态分析
面向Java EE程序的SQLIA漏洞分析和验证方法,活跃变量分析
面向Java EE程序的SQLIA漏洞分析和验证方法,插桩
面向Java EE程序的SQLIA漏洞分析和验证方法,动态验证
IPSec VPN安全性漏洞分析及验证,IPSec VPN
IPSec VPN安全性漏洞分析及验证,IKE协议
IPSec VPN安全性漏洞分析及验证,中间人攻击
IPSec VPN安全性漏洞分析及验证,OSPF协议
IPSec VPN安全性漏洞分析及验证,路由欺骗
计算机软件安全漏洞技术研究,计算机软件
计算机软件安全漏洞技术研究,安全漏洞
计算机软件安全漏洞技术研究,语法分析检测
计算机软件安全漏洞技术研究,沙箱检测
基于Python的自动代理Web漏洞扫描器的设计与实现,代理扫描
基于Python的自动代理Web漏洞扫描器的设计与实现,渗透测试
基于Python的自动代理Web漏洞扫描器的设计与实现,Web安全
基于Python的自动代理Web漏洞扫描器的设计与实现,爬虫
.NET框架下的防SQL注入登录模块的研究与实现,登录模块
.NET框架下的防SQL注入登录模块的研究与实现,网络安全
.NET框架下的防SQL注入登录模块的研究与实现,SQL注入
.NET框架下的防SQL注入登录模块的研究与实现,SqlParameter
基于Crash的漏洞利用自动生成系统,网络安全
基于Crash的漏洞利用自动生成系统,二进制
基于Crash的漏洞利用自动生成系统,漏洞利用
基于Crash的漏洞利用自动生成系统,符号执行
基于Crash的漏洞利用自动生成系统,自动化
基于SVM算法的Struts2-045漏洞检测方法,Struts2漏洞
基于SVM算法的Struts2-045漏洞检测方法,SVM算法
基于SVM算法的Struts2-045漏洞检测方法,网络安全
基于SVM算法的Struts2-045漏洞检测方法,WEB漏洞
ASP.NET Web应用程序常见网络安全漏洞解决方案分析,网络安全
ASP.NET Web应用程序常见网络安全漏洞解决方案分析,Web应用程序
ASP.NET Web应用程序常见网络安全漏洞解决方案分析,ASP.NET 
工业互联网环境下的漏洞挖掘技术研究,漏洞挖掘技术
工业互联网环境下的漏洞挖掘技术研究,工业互联网
工业互联网环境下的漏洞挖掘技术研究,工业控制系统
工业互联网环境下的漏洞挖掘技术研究,网络安全
工业互联网环境下的漏洞挖掘技术研究,工业靶场
基于流量分析的HTTP协议安全现状分析,网络安全
基于流量分析的HTTP协议安全现状分析,TCP/IP协议
基于流量分析的HTTP协议安全现状分析,HTTP协议
基于流量分析的HTTP协议安全现状分析,流量分析